sentiment,xie_hou_yu
3,(犬肖)狗四界走－死啊
1,䟉仔麵－䟉䟉趒(嚓嚓趒)
3,一丈差九尺－差遠咧
3,一丈欠九尺－差遠咧
2,一世人嫁一個尫－(不二媳)不二價
3,一丘棺材睏兩人－死對頭
3,一二三五六七八九十－無寫四(無捨世)
3,一二三五六七八九十－無寫四(無捨施)
1,一二三五六七－(無四)無事
3,一二四五六－(欠三)欠衫
2,一個一斤，一個十六兩－兩個相當
3,一個人食圓仔－獨吞
3,一個錢，拍廿四個結－凍酸
3,一堆臭狗屎－愈挪愈臭
1,一孔掠雙隻－好孔
1,一孔掠雙隻－好孔(好康)
3,一學屎看三擔－差儕咧
3,一屎礐玉仔看三檐－差遠咧
3,一手夯香一手夯統－(射神)謝神
3,一手夯香，一手夯槍－射神(謝神)
2,一日夫妻－(寡緊)趕緊
2,一日夫妻－寡緊(趕緊)
3,一條索仔扑歸拜百個結－難解
3,一條索仔扑歸百個結－僫敨
3,一條腸仔通尻川－吃啥放啥
2,一欉藤仔結的瓜－苦攏苦，甜攏甜
3,一畚箕塗蚓拄著鴨母－無夠看
3,一畚箕杜蚓拄著鴨母－無夠看
3,一畚箕的塗蚓拄著鴨母－無夠看
3,一盤魚脯仔－全全頭
3,一盤魚脯仔－專專頭
1,一目仔看戲－一目了然
1,一目兮看戲－一目了然
2,一碗飯貯半點鐘－(僫貯)澳底
2,一碗飯貯半點鐘－澳底
3,一礐屎仔看做三擔－差相儕
1,一空掠雙隻－好空
1,一粒匏仔切兩爿－天生一對
3,一粒田螺九碗湯－無味
3,一粒田螺九碗湯－無味無素
3,一粒田螺煮九碗湯－無味
2,一角分作兩半－五分五分
2,一角分兩半－五分五分
2,一角分兩爿－五分五分
3,一部二十四史－嘸知對何講起
2,一間貨賣了了－(通銷)通宵
2,一間貨賣了了－通銷(通宵)
3,一隻豬食十二桶潘－大肚
1,一面抹牆兩面光－會周旋
3,一領被仔三支腿－應付朆了
2,一骹踏上磅仔台－舉足輕重
3,一鹿九鞭－假的較多
3,丁梅仔給請－假無意
3,七個人睏兩頭－顛三倒四
3,七元對分－不三不四
3,七十吸奶嘴仔－老人囝仔性
3,七十嗍奶喙仔－老人囡仔性
3,七十歲吮奶嘴仔－老人囡仔性
3,七月半鴨仔－嘸知死活
3,七月半鴨－姆知死
3,七月半鴨－毋知死活
1,七月紅蟳－厚膏
3,三代好額一代乞食－(散短)散底
3,三代好額，一代乞食－散短(散底)
3,三代粒積，一代開空－了尾仔
3,三代粒積－一代開空
3,三保師父－無夠看
2,三個人放無屎－(無便)無變
2,三個人放無屎－無便(無變)
2,三個人，放無屎－無便(無變)
1,三分錢分二個－一是一，二是二
2,三十六計－走為先
3,三十暗暝看月亮－(無亮)無望
3,三十暗行路－無影
3,三十暗送神－太慢
1,三十暝晾衫仔褲－今年袂乾明年乾
2,三叔公賣荖葉－拄仔好
3,三好加一好－(四好)死好
3,三好加一好－四好(死好)
2,三姑做滿月－(公暢)講暢
2,三姑做滿月－公暢(講暢)
2,三姑做滿月－講暢
3,三寶師父－無夠看
1,三房二廳－(好廳)好聽
1,三房兩廳－好廳(好聽)
3,三斤貓咬四斤鳥鼠－不自量力
3,三更半暝出世－(亥時人)害死人
3,三更燈火五更雞－(苦讀)苦毒
1,三月內，搧扇子－滿面春風
1,三月尾桃花－(都謝了)多謝了
1,三月搖葵扇－滿面春風
3,三月的桃花－紅袂久
3,三月的菜頭－磅心
1,三碗飯兩碗湯－相倚傍兩夫妻
3,三禮拜六點鐘－食醋
1,三藏取經－著猴
1,三藏的冊－(真經)正經
3,三藏的匾擔－(擔經)擔驚
2,三頓呷嘸飽－五堵
2,三頓食無飽－(餓肚)五堵
2,三頓食無飽－餓肚(五堵)
3,三骹醬蠩－(歪肩)故意為難
3,上帝公博輸繳－當龜
3,上帝公拔輸筊－槓龜
3,上帝爺公放屁－神氣
3,中寮死人食甘蔗－無斬節
2,中藥食朆好－換帖
2,主席就位－台中
1,九個人分十塊粿－有量
1,九個人十塊粿－有冗(有量)
2,九塊碗十个人客－(加人)基隆
2,九塊碗十個人－加人(基隆、雞籠)
2,九塊碗十個人－加人(雞籠)
3,九月掠的蟳－腹內空空
3,九月蟳膏－腹內空空
3,九月蟳－無膏
2,九月風颱－無人知
3,乞食下大願－不能實現
3,乞食伴羅漢－好味好素
1,乞食倒轉去茨－倒營(倒贏)
3,乞食假紳士－假大範
3,乞食做忌－(沒什物)沒什麼
3,乞食做忌－(無半碟)無半撇
3,乞食做忌－無合身分
3,乞食做皇帝－呣知按怎做
3,乞食呵咾好身分－毋知家治䆀
3,乞食呵咾身份好－呣知醜
1,乞食唱山歌－唱暢兮
1,乞食唱山歌－涼火
1,乞食唱山歌－窮開心
3,乞食培墓－卸祖公
3,乞食婆做月內－愛啥物無啥物
3,乞食婆綴人走反－加無閒
3,乞食婆綴人造反－趁人
1,乞食抾著黃金－暢死
1,乞食抾黃金－暢𠇺𣍐顧呰
3,乞食拜公媽－卸祖公
3,乞食揹葫蘆－假仙
3,乞食撿著錢－管欲拈(講欲呢)
3,乞食攑蠓摔仔－假仙
1,乞食死佇馬椆內－益算袂䆀
1,乞食死佇馬椆內－算朆醜
1,乞食死佇馬槽內－猶算𣍐䆀
3,乞食爭巷仔頭－爭小利
3,乞食背葫蘆－假仙
3,乞食舉蠓卹仔－假仙
3,乞食討黃蓮－自討苦吃
3,乞食講仙話－胡說
2,乞食賣茭䉀－轉途
2,乞食賣茭苴－轉途
2,乞食賣茭蔗－轉途
3,乞食趕廟公－天地顛到摒
3,乞食跋倒－(摔栱)哈講
3,乞食跋倒－摔管(啥講)
3,乞食跋倒－管加落(講加落)
1,乞食轉厝－倒營(倒贏)
1,乞食轉茨－倒營(倒贏)
1,乞食返茨－(到營)倒贏
3,乞食過日子－靠別人施捨
2,乞食過溪－行李儕
2,乞食過溪－行李多
2,乞食過溪－行李濟
3,也欲山珍，也欲海味－歹款
2,二一添作五－一半一半
3,二三五六七八九十－(無一無四)無意無思
3,二三五六七八九－無一無四(無意無思)
3,二三五六七八九－無意無思
3,二三五六七－(無一無四)無衣無食
3,二三四五六－(無一)無衣
3,二元開五角－(一箍五毛)一箍無毛
3,二十兩拄仔好－(斤四)近視
3,二十兩拄拄好－斤四(近視)
3,二十兩－斤四(近視)
3,二粒楊桃排做伙－(十棯)雜唸
2,二結陳水螺－正十二點
2,二結𦗀水雷－正十二點
1,二角找五仙－(角五)覺悟
1,二郎神－三枝目
3,五佰錢的豬仔－棺一支喙
3,五十歲做和尚－半路出家
2,五堵－餓肚
3,五支手指頭仔－三長兩短
3,五支指頭仔－三長兩短
3,五斗缸掛綰－大矸(大奸)
2,五月十三迎城隍－啥旗嗎有(啥奇嗎有)
2,五月十三－麼旗嘛有(麼奇嘛有)
3,五月種茄仔－無結果
3,五月黃梅天－(無晴)無情
3,五百鮮豬仔－捾一隻喙
1,人佇路燈骹－有影
3,人來客去－請佫辭
3,人來客去－請甲辭
3,人來客去－請閣辭
1,人客放屁－客氣
3,人客罰徛－(無椅子)無意思
3,人客罰徛－無椅賜(無意思)
3,人客罰站－無椅賜(無意思)
1,人徛佇路燈腳－有影
1,人徛佇路燈跤－有影
1,人徛咧路燈骹－有影
3,人心隔一堵牆－歹看
3,人肉鹹鹹－朆食咧
3,人肉鹹鹹－袂食得
3,人趁錢，龜爬壁－真難
1,人，食麻油－鬧熱
3,仁和街兮阿兄－等死
3,仁和街的阿兄仔－等死
3,仕相俥傌炮兵－欠帥
2,仙人扑鼓－有時錯
1,仙人放屁－不同凡響
2,仙人頭殼碗髓－無可能得著
1,佛公嘴－真聖
1,佛寺兮彌勒佛－好笑神
1,佛寺的彌勒佛－好笑神
1,佛蘭西水－食一點氣
3,便所內彈吉他－臭彈
3,便所彈吉他－臭彈
3,便所彈琴－臭彈
3,便所蠟燭－(臭火)臭颺
3,保護三藏去取經－著猴
3,保護視力－小心眼
3,保險公司畏了錢－驚死人
1,俺公仔食雞胘－脆脆
3,倩鬼拆藥單－穩死
3,倩鬼提藥單－穩死
3,倩鬼醫病－包死
3,做師公含哭－包死
3,做賊點燈火－真癮頭
2,健腦丸－捕頭(斧頭)
2,健腦丸－補頭(斧頭)
2,傀儡仔食枝仔冰－驚燒
3,傀儡尪仔－有抽即有震動
3,傳家佛經－(世世唸)啐啐唸
3,傳家佛經－世世唸(踅踅唸)
2,儉錢買檳榔－(留後哺)留後步
2,儉錢買檳榔－留後哺(留後步)
3,元旦摒日拆－第一回
1,先生娘寫兮－細字(細膩)
1,先生娘寫的－(細字)細膩
1,先生娘寫的－細字(細膩)
3,先生搬茨－(冊就是冊)恨就是恨
3,先生節脈－(摸栱)罔講
3,先生節脈－摸講(罔講)
3,內山舉人－草地倯
3,內山舉人－草地傖
2,兩个屎礐三个人放屎－(無便)無變
2,兩个書生相扑－(覓筆)未必
3,兩代的寡婦－(無公夫)無工夫
2,兩角找五分－角五(覺悟)
3,八仙桌欠一支骹－擺朆平
1,八仙過海－各顯神通
1,八仙過海－隨人變通
2,八十歲妓女－耐之(荔枝)
2,八十歲妓女－耐膣(荔枝)
2,八十歲童生－(無考無不考)無可無不可
2,八十歲童生－無考(可)無不考(可)
2,八十歲童生－無考無不考(無可無不可)
2,八十歲老妓女－耐膣(荔枝)
1,八卦山－(大佛)大核、大囫
3,八字無一撇－無眉目
3,八字無半撇－也早咧
3,八戒成仙－豬哥神
1,八月十五的月娘－真明顯
2,八月十五辦年貨－趁早
3,八月節送雞蛋－無這款理由
1,八芝蘭米糕－食有紲
1,八芝蘭米糕－食有續
3,公共便所彈木彈－(激起公糞)激起公憤
3,公共便所－眾人漩(眾人訕)
2,公有土地－官田
3,公賣局－孤行獨市
3,六二－五四三
1,六出祁山－拖老命
2,六月天甲棉被－大甲
2,六月天，蓋棉被－大甲
2,六月棉被－揀人甲
2,六月棉被－揀人蓋
3,六月毛蟹－無膏
2,六月水牛－(等運)等運
2,六月水牛－待揾
2,六月水牛－等運
3,六月無洗身軀－臭死
1,六月祁山－拖老命
3,六月芥菜－假有心
3,六月菜頭－半頭青
3,六月龍眼－(白核)白囫
3,共啞口問路－無採喙
3,共客兄戴孝－呣情願
3,共瘂口問路－無採工
2,冬至無夯筷－漉圓(六圓)
2,冬至無攑筷－搦圓
2,冬至無舉筷－摝圓(六圓)
3,冰箱底講話－冷言冷語
3,冷氣間講話－冷言冷語
3,出山即要請醫生－朆赴
1,出業紀念像－百面
1,出業證書－出書表
1,刀切豆腐－兩面光
3,分屍落鼎－煮人(主人)
2,刑事寄買雞兮錢－袂用得
2,刑事寄買雞的錢－𣍐用得
2,初一早見面－攏講好話
3,初二三的月娘－不明不白
3,初來新娘，月內幼囝－僫款待
3,初十廿五－無理髮(無汝法)
3,刣豬仔送禮－提心吊膽
1,利刀切豆腐－兩面光
1,利刀必豆腐－兩面光
2,剃頭師父教徒弟－對頭開始
3,剃頭店公休－無理髮(無汝法)
3,剃頭店失電－歹剃頭
3,剃頭店歇睏－(無理髮)無汝法
3,剃頭店歇睏－無理髮(無汝法)
3,剉大樹掠飛鳥－愚大呆
3,剉大樹，掠斑鴿－戇呆
3,剖腹提囡仔－破產
2,加蚋埔水牛－好中晝
1,包公斷案－鐵面無私
2,北平博物館－(故宮)雇工
3,北斗牛販仔－套好好
2,北港媽祖出巡－(無旗不有)無奇不有
3,北港媽祖－蔭外境
3,北港媽祖－蔭外莊
3,北港廟壁－(畫仙)話仙
3,北港廟壁－畫仙(話仙)
3,北港廟石壁－(厚畫)厚話
3,北港廟石壁－厚畫(厚話)
2,北港牛墟－闊茫茫
2,北港牛墟－闊莽莽
2,北港牛墟－闊閬閬
2,北港迎媽祖－無旗不有(無奇不有)
3,北港香爐－人人插
3,十七兩－翹翹
3,十二月南風－天現報
3,十二月天睏厝頂－凍霜
3,十二月天睏茨頂－凍霜
3,十二月天翻新厝－寒死
3,十二月天翻新茨－寒死
3,十二月天講話－冷言冷語
3,十二月天食葡萄－凍酸
1,十二月屎桶－拼(清乾淨)
1,十二月屎桶－盡拚
1,十二月屎桶－盡摒
1,十二月屎桶－盡摒(盡拚)
3,十二月爛柑－無瓣(無範)
1,十二月甘蔗－(倒)尾甜
1,十二月甘蔗－倒尾甜
1,十二月甘蔗－倒頭甜
1,十二月甘蔗－兩頭甜
1,十二月甘蔗－尾甜
1,十二月肉湯－(穩凍)穩當
1,十二月肉湯－穩凍(穩當)
1,十二月芥菜－有心
3,十二月風吹－甲無尾
3,十二月風吹－瘋甲無尾
1,十五暝月光－(大亮)大量
3,十五枝拐仔夯雙手－七拐八拐
3,十五枝枴仔夯雙手－七拐八拐
3,十五枝柺仔雙手夯－七拐八拐
3,十五身土地公峙兩爿－七土八土
3,十個一角交落塗骹－一箍散散
3,十個老父－十種(雜種)
3,十個老爸－(十種)雜種
3,十個老爸－十種(雜種)
3,十全欠二味－八珍
3,十全欠兩味－八珍
2,十八歲查娒囡－夠嫁(夠格)
2,十八歲查某囝－夠嫁(夠格)
2,十八歲查某囡－夠嫁(夠格)
3,十八羅漢拚悟空－大車拚
3,十粒雞卵九隻雞仔子－一個壞蛋
3,十老－九膨風
3,十角－一箍散散
1,十隻雞，拍呣見九隻－一看就知
2,千金小姐欲出嫁－大妝(大庄)
2,千金小姐要卜出嫁－大妝(大庄)
1,千金買茨，萬金買茨邊－里仁為美
3,半天大鼓－叮咚
1,半天雲內兮路燈－高明
1,半天雲內的路燈－高明
1,半天雲內點燈－高明
1,半天頂的路燈－高明
3,半斤拄八兩－呣知輕重
3,半斤拄八兩－毋知輕重
2,半斤換八兩－誰也無食虧
3,半暝仔爬山－姆知懸低
3,半暝仔看日頭－夭早咧
3,半暝仔記帳－暗算
3,半暝仔記數－暗算
3,半暝仔食西瓜－天光反症
1,半暝吹電風－暗爽
1,半暝撞城門－有够力
3,半暝死尪－(誤妻)梧棲
3,半暝看日頭－夭早咧
2,半暝過吊橋－步步小心
3,半暝鬼弄門－無好心
3,半暝鬼擃門－無好心
3,半瞑死翁－誤妻(梧棲)
3,半路揭扁擔－中斷
3,半路斷扁擔－中斷
3,半路斷畚擔－中斷
3,博士班畢業－(無校)無效
3,博士班畢業－無校(無效)
2,博歹徼－會贏(下營)
2,博歹繳－會贏(下營)
3,卵屌入烏豆－假目
3,卵屌拄著壁－呣知頭尾
3,卵屌縛大索－(歹束)歹算
3,卵脬互椅仔夾著－歹辦
3,卵脬皮磨剃頭刀－危險
2,厝尾頂披衫－衫矺厝(三塊厝)
2,厝尾頂發白菜－強發
2,厝頂披衫－三塊厝
3,厝鳥仔生鵝卵－誠拼咧
3,反共義士轉去大陸－反起反倒
3,反攻大陸－講笑話
2,古井內，死鮕鮐－臭水
2,古井死鮕鮐－(臭水)秀水
2,古井死鮕鮘－臭水
3,古早的水缸－甕肚
3,叫秀才擔擔－(挑擔)刁難
3,台北人唱思相起－南腔北調
1,台南擔仔麵－好康鬥相報
1,台南擔仔麵－食好(門豆)相報
1,台南擔仔麵－食好鬥相報
2,台南迎媽祖－無奇不有
2,台南迎媽祖－麼旗嘛有(麼奇嘛有)
3,台灣塗－軟
3,台灣糖籠－有去無回
3,台灣蟳－無膏
3,台灣蠟－無膏
2,台鍋甲秋矽－存暖
3,司公吹法螺－嚇鬼
3,司公唸咒－呼神(胡蠅)
3,司公念經－死訣兮
3,司公打桌－嚇鬼
3,司機辭職－想呣開
3,司機辭職－想朆開
3,吃瓜子－吞吞吐吐
3,吊肉跋死貓－看有食無
3,吊鼎－無米可煮
1,向善仔援公事－拄仔好
1,含頭挖－無剉(無錯)
3,吳郭魚仔假赤鯮－無夠紅
3,呂洞賓的棉被－蓋仙
1,呣是在欉黃－隱的(穩的)
3,呣知輕重－(無度量)無肚量
3,和尚分家－(多寺)多事
3,和尚化緣－(無寺)無是
3,和尚扒船－無髮渡(無法度)
2,和尚拜丈姆娘－(妻身何處)棲身何處
3,和尚撐船－(無髮渡)無法度
3,和尚攑雨傘－(無髮無天)無法無天
1,和尚行當店－(廟急)妙極
3,和尚衫－無鈕鈕(無了了)
2,和尚返去北京－倚歸爿
3,和尚頭找虱母－無端生有
3,和尚頭揣虱母－誣賴
3,和尚騙囡仔－(雞姦)加幹
2,員林車頭－普通
2,員林車頭－普通普通
3,哥哥不在家－(嫂來)少來
2,唐山人食冰－驚燒
3,啉滾水放茶米茶－火大
2,啞口仔談戀愛－比來比去
3,啞口兮予蜂叮－無話講
3,啞口兮相罵－毋知啥人著
3,啞口兮矺死囝－無話講
2,啞口兮談戀愛－比來比去
3,啞口兮讀冊－無話講
1,啞口電影－有影無講
3,喙唇皮抹油－滑溜滫
3,喙唇皮抹油－滑溜秀
2,喙唇糊糊仔－歹開喙
2,喙脣糊糊仔－歹開喙
3,喙角抹石灰－白食
3,喙角抹粉－(食白)白食
3,喙鬚搭膏藥－有毛病
3,喙鬚撘藥膏－有毛病
3,喙鬚糊膏藥－有毛病
3,喙齒咬沙－足礙虐
1,四兩豬肉切兩盤－好看佫省錢
1,四兩豬肉切兩盤－好看閣省錢
2,四兩雞仔半斤頭－(大頭雞)大頭家
2,四兩雞仔半斤頭－大頭家
2,四兩雞仔半斤頭－大頭雞
2,四兩雞仔半斤頭－大頭雞(大頭家)
3,四十減二－三八
3,四十錢減兩厘－三八
3,四面桌欠一骹－(朆在)朆多
3,囝仔人痛風，老人疳瘡－無可能兮代誌
3,囝仔人穿大人衫－大軀(大輸)
2,囝仔人穿大人衫－崁跤
2,囝仔人穿大人鞋－偆後
3,囝仔人食甘蔗－食少吐儕
3,囝仔做大戲－做無路來
3,囝仔喙－無半撇
1,囝仔坐火車－嘟嘟好(拄拄好)
3,囝仔學唱歌－無譜
2,囝仔放尿－小港
3,囝仔行路－小人步
3,囝仔跋倒－媽媽敷敷(馬馬虎虎)
3,囝仔食蟳－興管(興講)
1,囡仔人坐火車－嘟嘟好(拄拄好)
2,囡仔人放尿－小港
2,囡仔人穿大人鞋－賰後
3,囡仔做大戲－做朆來
3,囡仔卵－硬無久
3,囡仔和尚唸經－有口無心
3,囡仔唱歌－無譜
2,囡仔放尿－小港
3,囡仔痛風老人疳積－無即款戴誌
2,囡仔穿大人木屐－(伸後)偆後
2,囡仔穿大人衫－蓋骹(崁腳)
3,囡仔行路－小人步
3,囡仔跋倒－(媽媽撫膚)馬馬虎虎
3,囡仔食桌－(搣了)沒了
3,囡仔食毛蟹－(噯栱)愛講
1,囡仔食甘蔗－嚐到甜頭
3,囡仔食甘蔗－食少吐多
3,囡仔食田螺－吱吱啾啾
3,囡仔食紅蟋－(愛栱)愛講
2,國民黨嚇大的－無咧信你
1,國民黨－食免驚
3,圓仔炒大麵－翱翱纏
3,圓仔花－毋知䆀
3,土公仔洗手－(坮完)台灣
3,土公仔洗手－埋完(台灣)
3,土匪做戲－惡作劇
1,土地公呣驚風雨－老神在在
2,土地公坐凸椅－養神
2,土地公帶班－勞神了
1,土地公戴帽－正神
1,土地公樹－無剉(無錯)
1,土地公毋驚風雨吹－老神在在
3,土地公看京戲－亂糟糟
3,土地公看傀儡－愈看愈花
3,土地公看正音－亂操操
3,土地公處斬－無頭神
2,土豆剝殼－愛仁(愛人)
3,在欉黃兮－無蘊(無穩)
3,在欉黃的－無穩
3,地球是圓的－相拄會著
3,坐船攑雨傘－無天無地
3,坐船舉雨傘－無天無地
3,城隍爺兮尻川－歹摸
3,城隍爺出巡－大代誌
3,城隍爺出巡－大戴誌
3,基督徒行入廟內祈禱－行毋著門
2,堰頭上洗腦殼－首當其衝
3,塗州賣鴨蛋－死了
3,塗牛入海－一去不回
3,塗牛入海－一去無回
3,塗豆仁㧒落去豬血桶－血仁(廢人)
2,塗豆剝殼－(愛仁)愛人
2,塗豆剝殼－愛仁(愛人)
3,塗豆滴落去豬血湯－(血仁)廢人
3,塗豆炒過火－(苦仁)可憐
3,墓仔埔做大水－(濕墓)失望
3,墓仔埔做大水－濕墓(失望)
3,墓仔埔做戲－鬼欲看
3,墓仔埔扑麻雀－吵死人
3,墓仔埔放炮－吵死人
3,墓仔埔放炮－驚死人
2,墓仔埔沖煙－熏鬼
3,墓仔埔童乩－講鬼話
2,墓仔埔衝煙－薰鬼
3,墓壙老鼠－齪死人
3,墨賊仔頭－無血無目屎
3,墨鰂仔頭－無血無目屎
2,墳墓內𦗀雷－嚇死人
2,墳墓裡響雷－嚇死人
1,壁邊草拄著坦橫雨－好字運
3,壽星唱歌－老調
3,外嬤死後生－(沒舅了)沒救了
3,外甥仔娶(女每)－(了聯)了然
2,外甥仔點燈火－照舅(照舊)
2,外甥仔，點燈火－照舅(照舊)
2,外甥夯燈籠－(照舅)照舊
2,外省人兮麵線－免鮮
2,外省人剉柴－(無柴)無差
2,外省人搬戲－做戲(做死)
2,外省人搬戲－做戲(坐死)
2,外省人的麵線－免銑(免錢)
3,外省人食柑仔－酸(辿)
3,外省人食檸檬－(酸)溜
2,外省人食麵線－(麵線)免仙
2,外省仔麵－免啦
2,外省仔麵－免啦(麵啦)
2,外省仔麵－麵(免)
3,外行人拋魚網－(亂拋)卵脬
3,外行家長－害死薪勞
3,外行頭家－害死薪勞
3,夢見娶新娘－想好空兮
3,夢見拮著錢－空暢
3,大人穿囡仔褲－(不容易)不容你
2,大佛仔削甘蔗－箌咧即知長
3,大倌和新婦生的囝仔－呣成子孫
3,大兄坐無正－歪哥(歪篙)
3,大哥坐無正－歪哥
2,大喉嚨叫人－好喊(好險)
2,大嚨喉叫人－(好喊)好險
2,大嚨喉叫人－好喊(好險)
2,大嚨喉叫人－好險
1,大娒扑細姨－大出手
1,大娒拍細姨－大出手
2,大娒無佇茨－小吵
3,大將軍跋落馬－活踏死
3,大將軍跋落馬－活踢死
1,大某扑細姨－大出手
3,大樓兮電梯－起起落落
3,大樓的電梯－起起落落
3,大樓電梯－起起落落
3,大水流破布－(流到破)留到破
3,大水流破布－行到遐卡到遐
3,大海中𢶓刀－(撈刀)嘮叨
3,大海無嵌蓋－朆去跳
3,大炮扑茨鳥仔－真無採
3,大甲溪放草魚－有準無
3,大目降牛販－先講先贏
3,大目降的牛販－先講先贏
3,大石頭底毛蟹－壓霸
3,大石頭矺毛蟹－壓霸
3,大砲磅雀鳥仔－真無採
3,大箍好看頭－刣無肉
1,大箍食肥豬肉－加油加油！
3,大紅花－䆀毋知
3,大紅花－呣知醜
1,大肚新娘招翁－一夯兩得
1,大肚新娘招翁－一舉兩得
2,大腸好食－啊屎管(啊使講)
2,大腸好食－啊！屎栱(抑使講)
2,大腸店頭家－賣屎栱(𣍐使講)
2,大腸店頭家－賣屎管(袂使講)
2,大腹肚拉褲－無差
1,大腹肚招尪－一舉兩得
2,大腹肚攏褲－無差
2,大腹肚的攏褲－無差
3,大船入死港－無路駛
3,大蛇趖朆過去田岸－寬寬仔趖
3,大蛇過田岸－趖
3,大象的尻川－推朆振動
3,大道公佮媽祖婆－風佮雨
3,大道公和媽祖婆鬥法－風和雨
3,大門口的春聯－年年有
3,大雞公呣食碎米－看無在眼內
3,大麵炒圓仔－紇紇纏
3,天公的帳薄－(大冊)大恨
3,天公酒甕－天酡
3,天公飲燒酒－(天酡)顛憤
3,天然痘出透透－破痘(破逗)
3,天燈點火－飄飄然
3,天要落雨，娘要嫁－無可奈何的戴誌
2,太古松柏－出名
2,太古松柏－出樠(出名)
2,太太兮私傢錢－妻鈔(腥臊)
2,太太的私奇錢－妻鈔(腥臊)
3,太子爺起步－踉港
3,太子爺起跤－踉港
3,太監娶娒－有孔無榫
2,太魯閣出來兮－番
2,太魯閣出來的－番
2,女首領－無鬚老大
3,奶母抱囝－別人兮
3,奶母抱囡仔－別人的
3,好料吸食袂椆腹－吞吞吐吐
3,好花插牛屎－無採
3,姊妹做同姒－快敗
2,姜太公釣魚，離水三寸－願食成鉤，呣願食回頭(願者成交，呣願者回頭)
2,姜太公釣魚－(願者上鈎)願者成交
3,姜子牙釣魚－線仙
3,姜子牙釣魚－線仙(散仙)
2,娶新婦嫁查某囝－一入一出
2,娶新婦，嫁查某囝－一入一出
3,婊仔送客－虛情假意
3,媽祖宮起毋著面－瘋兮才會出袂盡
3,媽祖遊街－(宣神)攀藤
2,嬤生孫－(公暢)講暢
2,嬤－朆認得松的
1,孔子公放屁－文氣沖天
3,孔子搬茨－(攏書)攏輸
3,孔子的弟子－(賢人)閒人
3,孔子的背包－(書袋子)書呆子
3,孝悌忠信禮義廉－無恥
1,孝男跋倒－例斗
1,孝男跋倒－犁斗(來頭)
1,孝男跋倒－礪斗
1,孝男跋倒－礪斗(來頭)
3,孤兒院－(老不收)老不修
2,孫仔佮阿媽睏－鎮公所
3,孫悟空叫八戒－(師弟)輸多
3,孫悟空赴蟠桃會－無人請，家治來
3,學剃頭拄著鬍鬚－(難剃)難題
2,客人仔㖹鼓吹－嗒滴嗒滴
2,客人仔做新衫－做一站
2,客人仔的鼎蓋－莫怪
1,客人仔磨鉸刀－無簡單
1,客人仔磨鉸刀－無簡單(磨剪刀)
3,客人仔種蕃薯－存辦死
3,客人仔穿皮鞋－(著皮鞋)足悲哀
3,客人仔穿鞋－(著靴)足壞
2,客人仔賣筊白筍－𣍐較順(賣筊筍)
3,客人仔賣花矸－朆給人姦
3,客人仔雞屎－(雞屎)該死
3,客人仔食龍眼－死憖憖
2,客人做新衫－做一站
2,客人兮鼎蓋－莫怪
3,客人放屎－僫死
1,客人歕鼓吹－(嘟嘟吼)拄拄好
3,客人歕鼓吹－搭滴搭滴
1,客人磨鉸刀－無簡單
3,客人種蕃薯－存範死
3,客人穿鞋－足害
3,客人賣花矸－袂逢幹
3,客人車倒薰－了然
3,客人雞屎－該死
3,客人食龍眼－死翹翹
3,宮中太監－大勢已去
3,家己燒香－朆講歹話
3,寄生佔苦螺仔殼－橫佔
1,富人的狗叫－汪汪吼(樣樣好)
2,寒天起火爐－暖暖
1,寡婦無愛嫁－(老守)老手
3,寡婦生囝－來路不明
2,寫真館著火－燒像(相相)
2,對阿爹使目尾－掛父(割耙)
2,對阿爹使目尾－掛爸(割耙)
3,對頭冤家主－礙目
3,對頭冤家主－鑿目
3,對鹽館入去，對染房出來－鹹佮澀
3,小卒想要升將軍－誠拚咧
3,小卷花枝－無血無目屎
3,小尼姑看嫁妝－即世人無份
3,小魚追鴨仔－(找死)找事
2,尖刀心肝頭－叫人懍一下(忍一下)
2,尖刀佇心肝頭－懍一下(忍一下)
2,尖刀拄心肝頭－忍一下
2,尖擔捲草蓆－雙頭尖
3,尻川吹嗶仔－放屁
3,尻川夾火金姑－椴青(裝蒜)
3,尻川夾火金姑－裝星
2,尻川夾算盤－步步算
2,尻川掛算盤－步步算
3,尻川有幾支毛－看現現咧
3,尻川歕嗶仔－放屁
2,尻川生粒仔－(朆坐)朆多
2,尻川生粒仔－(朆坐)無多
2,尻川生粒仔－絕坐(絕儕)
1,尻川行經－(當紅)上紅
1,尻川行經－當紅
3,尻川裂到喙－大裂
2,尻川鬥掃帚－好舉人(好額人)
2,尻川鬥柄－好舉人(好額人)
2,尻川𫔡掃帚－好攑人(好額人)
2,尻川𫔡柄－好攑(好額)
3,尻脊揹痰盂－據在人呸瀾
3,尻脊背痰壺－據在人呸口水
3,尼姑做滿月－無迄號代誌
3,尼姑生囝－暗中行事
2,尼姑生囝－罕咧幾時
3,尼姑相扑搝頭毛－無即款戴誌
1,尼姑相扑－無鬃通搝
3,尼姑給蠔仔叮－用歕的
3,尼姑走了了－空庵
3,尼姑頭殼頂插花－(無髮)無法
3,尿壺內宓一個鬼－驚死我膦
1,尿壺蜈蚣－驚人膦
1,尿壺蜈蚣－驚人𡳞
3,尿桶缺喙－礙卵
1,尿桶蜈蚣－驚人的卵
3,尿桶開花－散了了
1,屍川箌柄－(好攑人)好額人
3,屎學仔空兮石頭－臭閣碇
3,屎桶五分淀－半筒屎仔
3,屎桶五分滇－(半桶屎仔)半桶師仔
3,屎桶太淺－(拄卵)賭爛
3,屎桶開花－(屎大了)事大了
3,屎桶開花－屎大(事大)
1,屎礐仔內撈屎－真便
1,屎礐仔內舀屎－盡便(真便)
1,屎礐仔內舀肥－盡便(真便)
3,屎礐仔蟲死了了－變無蠓
3,山河仔食鹼粽－硬吞
3,山河食肉綜－硬吞
3,山猴變猴弄－卡變嘛迄幾步
3,山猴變猴戲－無幾步
3,山頂挖古井－出戇力
3,山頂水窟－愛乾
1,崁跤放屎－下屎(會使)
1,崁骹放屎－下屎(會使)
2,巡查兮細弟－小人
2,巡查的細弟－小人
2,布袋仔哭老爸－想著錢
2,布袋戲旭仔師－大小骹
3,布袋戲演出－幕後有人
2,帝爺公童乩－事事介在汝家己
3,師公他兜火燒茨－朆嚷咧
3,師公吹法螺－嚇鬼
3,師公唸咒－(呼神)風神
3,師公唸咒－死訣
3,師公壇有鬼－無可能
2,師公的囊袋仔－(袋符仔)弟婦仔
1,師公糊紙－嘆吃相瓦
1,帶巷仔內兮－內行兮
2,年尾無返去茨－無某
3,幼稚園招生－(老不收)老不修
3,幼稚園招生－老不收(老不修)
3,幼齒嫁老尪－足醜消
3,底片走光－無影
3,座骹鑼鼓陣－(咚咚喳)冬冬慘
2,庭鶖仔拍手槍－有紀錄喔
2,廣東目鏡，在人合目－適與不適，隨人不同
2,廣東目鏡－在人佮目
2,廣東目鏡－在人合意
3,廳掛茭苴－毋是畫(毋是話)
2,廳頭吊聯－看款
3,弄破鴨蛋－(抔仁)不仁
2,張天師落海－(摸怪)莫怪
2,張天師落海－摸怪(莫怪)
3,張飛穿針－大眼瞪小眼
1,彌勒佛－好笑神
1,彭祖拄著老壽星－各有千秋
2,彰化社頭－(蕭一半)𤞚一半
3,彰化鹿港－(施一半)死一半
3,徛飛魚放屁－臭氣衝天
3,恁兜賣火炭－(烏鼻孔)黑白講
3,恁厝賣火炭－烏鼻管(烏白講)
2,恆春設機場－有機可乘
2,恩主公啉燒酒－看袂出來
2,惠安喳某的褲－巧寬寬
3,愚人拜公媽－那看那無來食
2,愚人攑槍－罔踅
3,慢牛過溪－厚屎尿
2,憨標給人倩哭－攏嘛為著錢
1,憨狗松嫁查娒囝－看貨
3,戇人拜公媽－愈看愈袂來食
1,戇囝婿食水熏吹－熏到茶也到
1,戇子婿食水薰吹－薰到茶也到
3,戇小子呣懂冰糖－(好礬)好煩
3,戇蠓叮神明－無震動著
1,成吉思汗放屁－有元氣
3,戲棚頂兮翁仔某－有名無實
3,戲棚頂尪某－有名無實
3,戲棚頂的皇帝－做無久
3,戴火炭籠－做烏龜
3,戴火炭籠－烏胿(烏龜)
2,房裡呣見對面孝－失鏡(失敬)
2,房裡毋見對面孝－失鏡(失敬)
3,扁擔削做尺－大材小用
3,手尾錢－死人款
3,扑呣見藥單－註死
3,扑手槍－律師
3,扑毋見藥單－註死
3,扑賣貨底－凊採講講咧
3,抓鹽豉心肝－豉心(死心)
3,抹粉入棺材－死也愛兮面底皮
3,押日本人飲酒－(大矸)大奸
3,抽籤入浴間－鬮洗(摳洗)
3,抽籤洗身軀－樞洗
3,抾石頭吒路－斷路
3,拍賣貨底－清採講講咧
3,拔落屎礐仔－臭人
3,拳王失約－阿里不達
3,拳頭師父相扑－無照步來
3,拳頭拇扑蛟蚤－有力使袂出
3,捧糖仔無洗手－黏漓漓
3,捧糖無洗手－糖甘甜
2,掖尾狗－(假鹿)假樂
3,掠免仔－要吐
3,掠兔仔－吐
3,掠鴨母生蛋－梟尻川
1,接骨師傅－鬥跤(腳)手
1,接骨師父－箌骰手
1,接骨師父－鬥跤手
1,接骨師父－𫔡手腳
3,接骨館看做排骨飯－差遠囉
3,控鼻屎食－鹹鹹
3,提火炭做枕頭－(烏頸)烏龜
3,提薑母拭目墘－假哭
3,提薑母拭目睭－假哭
3,插雉雞尾－假番
1,摸蜊仔兼洗褲－一兼二顧
1,摸蜊仔兼洗褲－順煞工
1,摸蜊仔兼洗褲－順續工
1,摸蜊兼洗褲－一兼二顧(順煞工)
3,撿石頭擋路－絕交
3,擔屎朆偷吃－假古意
3,擔山填海－了憨工
3,擔柴入山－顛倒摒
3,擔沙坉海－無採工
3,擔沙填海－了戇工
3,擔肥去市場－(賣屎)朆使
3,擔肥去市場－賣屎(袂使)
3,攏是汝害兮－怨汝(苑裡)
2,攏褲過溪－大潦(大寮)
2,攑刀切肉－蹽落去
2,攑刀割肉－戮落去
1,攑竹篙入城－直來直去
1,攑竹篙入城－直來直往
1,攑箭拜觀音－(射神)謝神
2,攑量仔量棺柴－(大鈎棺)大交關
2,攑量仔，量棺材－大交棺(大交關)
1,攑鋤頭，耙心肝－清心
1,放尿搣鹹菜－順續工
3,放尿攪沙－朆做堆
3,放屁攪沙－袂做堆
3,放屁脫褲－多此一舉
3,放屎佇路中央－屎橫(使橫)
3,放屎向東－屎汝後壁(駛汝後壁)
2,放屎無拭尻川－無理解
2,放屎躡跤尾－大蹲(大墩)
2,放屎躡骹尾－大蹲、大墩
2,敏捷仙禁尿－朆呣是擔朆
1,教授看易經－一本正經
3,教練機仔翻畚斗－顛倒是非
1,整棵好好－沒剉(沒有錯)
1,整棵好好－無剉(無錯)
3,數簿扑毋見去－袂見數(袂見笑)
1,文王拖車－一步一步好
2,斑鳩哮－(咕咕咕)久久久
2,斑鴿哮－咕咕咕(久久久)
2,斧頭有𫔡柄－好攑(好額)
3,新來新娘，月內幼子－僫款待
1,新埔椪柑－上好
1,新埔碰柑－上好
1,新埔膨柑－上好
3,新娘守空房－有孔無榫
2,新娘洗無身軀－佮銑(甲仙)
2,新娘無洗身軀－佮鉎(甲仙)
3,新娘等空房－有空無榫
2,新婦不孝－公投
3,新婦見大家－(拜了)敗了
3,新婦跟大倌借錢－挪用公款
2,新烘爐新茶鹽－熱滾滾
1,新被送牽手－好妻甲(好差教)
1,新被送牽手－好妻蓋(好差教)
2,斷線風吹－無牽無掛
1,旗山弓蕉－隱的(穩的)
1,旗山芎蕉－薀兮(穩兮)
3,日時點燈火行路－社會黑暗
3,日本人叫陳老師－真鹵死
3,日本人叫陳鬧獅－真魯死
3,日本人扑呣見紛鳥－(無哈度)無法
3,日本人的分多式－(假酷)假酷
3,日本人的刨刀－顛倒刨
3,日本人縖粉島氏－假褲(假庫)
1,日本保正－好勢
3,日本凊飯－壽司(輸死)
3,日本壽司－輸死
1,日本清飯－(壽司)四是
3,日本清飯－(壽司)輸死
3,日本美食－給伊死
3,日本藝妲－大色
3,日本銅鼎仔－無臍(無才)
3,日本銅鼎－(無臍)無才
3,日本鼓吹－噠噠知
1,日落西山－上紅
2,春天的莫子園－(有桃李)有道理
3,春景仔兮老父－戇尚(戇想)
3,暗房穿針－難過
3,暗時走路－無影
3,暝尾戲－冷場
3,曲痀兮扑拳頭－食力閣歹看
3,曲痀兮拋車輪－食力閣歹看
3,曲痀兮放屁－彎彎曲曲
2,曲痀兮相偃－歹勢
3,曲痀兮跋落海－彎泅(冤仇)
3,曲痀馬－駱駝(樂逃)
1,會社故障－無剉(無錯)
3,月娘下看影－家治看，家治大
3,月娘下看影－那看那大
1,有(竹到)柄－(好櫸)好額
3,有應公仔童乩－講鬼話
2,有應公廟兮象杯－結相黏
2,有應公廟的象杯－結做伙
2,有應公廟的象杯－結相黏
2,有應公廟的象桮－結相黏
3,有應公童乩－講鬼話
3,有棺柴無靈位－虛有其表
2,有鬥柄－好舉(好額)
3,木師仔鋸柴箍－(東一鋸、西一鋸)東一句、西一句
3,木蝨－食客
3,未曾燒香扑斷佛手－青狂
3,未生囝先號名－本末倒置
3,本山人－散仙
2,朴仔跤樹豆－有限
3,朴仔跤香爐－大耳
2,朴仔骹樹豆－有限
3,朴仔骹香爐－大耳
3,杉仔行－(柴多咧)差多咧
3,李鐵柺學狗吠－狗聲乞食喉
2,村長甩撚骰仔－緊著看無
3,村長看批－可惜
3,杜康過身－酒鬼
3,杭州客－對半說
3,東埔戇衙門－無咧聽
3,東埔的巡查－(松本)傷本
3,東埔蚋衙門－無塊聽
2,松山機場－內航的
3,林投葉拭屍川－去倒裂
3,林生財－下骹呰條
3,柄著卵屍－呣知頭尾
2,柑仔入倉庫－柑倉(疳瘡)
3,染布放尿－椴青(裝蒜)
3,染布的放屎－戳星
2,查娒人喙齒－(女牙)汝的
3,查娒人放尿－(大喳)大差
2,查娒人褪衫－(現乳)現拿
2,查娒人飼雞－珠珠
1,查娒俾嫁大爺－好名聲
1,查娒囝大漢－好嫁(好價)
1,查娒囝，嫁大爺－好名聲
1,查娒囡仔大漢－(好嫁)好價
2,查娒囡仔褪腹裼－現奶(現拈)
2,查娒𡢃仔捾肉－生看熟無份
2,查娒𡢃，管鎖匙－會用呰當家，𣍐用呰做主
2,查娒𡢃，食凊糜－認路(認份)
2,查某人份會仔－頭份
2,查某人喙齒－女牙(你的)
2,查某人喙齒－女牙(汝兮)
2,查某人飼雞－珠珠
2,查某囝仔褪剝裼－現奶(現拈)
1,查某囝大漢－好嫁(好價)
1,查某囝嫁大爺－好名聲
2,查某嫺仔捾肉－生看，熟無份
2,查某嫺仔管鎖匙－會用得當家，袂用得做主
2,查某嫺食凊糜－認份
3,查甫人夢洩－走精
2,查甫人放尿－㧡頭仔
2,查甫人放尿－晃頭(仔)
3,查甫人穿奶押仔－朆博假博
3,查甫人踞咧啉酒－龜綏
2,校長無來－隨人食家己
1,桌頂拈柑－真簡單
1,桌頂的桌布－(搵起)穩起
3,桶箍煏開－散了
3,棉紗浸水－歹紡
1,棉被內放屁－(獨響)獨享
1,棉被內放屁－(能聞能摀)能文能武
3,棍仔摃銅鑼－倥倥
3,棕蓑胡螓－(食毛)食無
3,棕蓑胡蠅－食毛(食無)
3,棚頂兮皇帝－做袂久
3,棚頂的皇帝－做無久
2,棺木底水－樂歡
3,棺材內伸手－死愛錢
3,棺材內唱曲－毋知死活
3,棺材內老鼠－驚死人
3,棺材內老鼠－齪死人
3,棺材店內咬牙－恨汝袂死
2,棺柴內叫醫生－死裡求生
3,棺柴內唱歌－呣知死活
3,棺柴底伸手－死愛錢
3,棺柴底唱歌－呣知死活
3,棺柴底煉豬油－(死炸)死諍
3,棺柴底辯話骨－死諍
3,棺柴底鳥鼠－吵死人
2,棺柴漏底－(漏板)老闆
3,棺柴頂黏尪仔－朆堪得玩
2,椅仔儕人坐－大寮
1,楊貴妃唱歌－有聲有色
1,楠仔坑布店－廣安(公安)
3,樟腦寮蠓罩－厚操煩
3,樹林內放風吹－紇紇纏
3,樹林內放風吹－纏椆椆
3,橐袋仔四角－無錢
2,機關囥佇倉庫－其中必有緣故
2,機關安佇倉庫－其中必有緣故
2,機關藏佇倉庫－其中必有緣故
3,檨仔在欉黃的－無穩
1,檨仔毋是在欉黃的－隱的(穩的)
3,欲食免想－別想
3,武器外銷－出口傷人
3,歪喙仔照鏡－(現醜)獻醜
3,歪喙兮照鏡－袂看得
3,歸張報紙畫一個觀音鼻－大面神
3,歸張紙畫一尊觀音－大面神
2,歸暝嘸睏－通霄
1,歸欉好好－無剉(無錯)
1,歸欉樹仔好好－(無剉)無錯
3,歸身蓋棉被－無頭無面
2,歹看面兮－面雄(民雄)
2,歹看面－面雄
3,死人化妝－有死人扮(有死人範)
3,死人化粧－死愛面子
3,死囝仔墓－無向
3,死囡仔墓－(無向)無盼
3,死狗做墓－無名無姓
3,死蛇活尾溜－死趖
3,死蛇－朆翻身
3,死蛇－袂反身
1,毋是在欉黃－蘊兮(穩兮)
3,毛蟹行路－橫行
3,水仙無開花－裝蒜
2,水晶目鏡－在人合目
1,水流破布－穩濕(穩濕)
3,水淹到頷頸－拄著
3,水淹到頸部－拄著
3,水牛拖屎－歹運
3,水牛腹肚－草包
3,水牛過溪－厚屎尿
3,水肥車排歸列－(拖屎連)拖屎憐
3,水肥車排歸列－拖屎連
3,水蛙生尾－假龜
3,水蛙的阿兄－青(虫約)仔
3,水蛙跳落魚池－(噗通)不通
3,水雞發尾－假龜
1,水鬼升城隍－升格
1,水鬼變城隍－高升
3,水鬼騙城隍－騙內行人
3,永靖枝仔冰－冷冷硬硬
3,河溪厝巡查－松本(嵩本)
3,泉州人賣米粉－無汝份
1,法蘭西水－食一點氣
3,泥苔薩洗面－(濕面子)失面子
2,洞簫吊喙鬚－震動甩
2,洞簫掛鬚－振動晃
2,洞簫掛鬚－津蕩㧡
2,海口囡仔拔牌仔－無插
3,海口查某－厚沙蝨(厚沙圾)
1,海底種蔥－根底深
3,海結仔無抹油－崁頭崁面
3,海結仔無抹油－憨頭憨面
3,海龍王辭水－假細膩
3,浸水烏糖－溶了了
3,浸水綿紗－歹紡
1,添丁進財－加人加福氣
1,清明無轉去茨－(無祖)無阻
3,溝底蜈蚣－無目睭
3,溪底兮蕃薯－免摳洗
3,溪底的蕃薯－免摳洗
3,溪沙埔扑干轆－扑袂行
1,溫罐破空－漏熱(鬧熱)
2,滬尾油車－斗量有限
2,滬尾油車－豆量有限(斗量有限)
3,滿面全豆花－歹看
1,演武亭兮厝鳥仔－三門銃無搭嚇
1,演武亭的茨角鳥仔－呣驚銃
1,演武埕的茨鳥仔－三門銃無膽嚇
3,澎湖菜瓜－(十棯)雜唸
3,澎湖菜瓜－十稜(雜唸)
3,澎湖鵁鷦－無情無義
3,澎湖鵁鷦－無義
3,濁水溪放草魚－無採工
3,濫鳥入烏豆－假目(假捌)
3,火燒乞食寮－禍不單行
2,火燒厝－厝味(趣味)
2,火燒墓仔埔－(燻鬼)煙鬼
2,火燒墓仔埔－煙鬼
2,火燒墓仔埔－熏鬼
2,火燒墓仔埔－薰鬼
2,火燒墓仔埔－薰鬼(菸鬼)
3,火燒東港－(全無網)全無望
1,火燒林投－朆死心
1,火燒林投－袂死心
1,火燒林投－𣍐死心
3,火燒甘蔗園－(無葉)無合
3,火燒甘蔗園－無合
2,火燒目眉－眼前的事
3,火燒目睭毛－目空赤
2,火燒相館－(燒相)相同
2,火燒竹仔林－(無竹殼)無的確
2,火燒竹林－無竹殼(無的確)
1,火燒紅蓮寺－(廟災)妙哉
3,火燒網仔寮－(無網)無望
3,火燒罟寮－無網(無望)
2,火燒茨－茨味(趣味)
3,火燒茶鈷店－落綏
3,火燒草埔－無救
2,火燒豬頭－半面相熟
2,火燒豬頭－面熟
3,火燒銀紙店－劃給土地公
2,火燒雞寮佮豬牢－芳貢貢
2,火燒雞寮－芳貢貢
3,火葬場兮大鼎－沖沖滾
3,火葬場兮大鼎－炒死人(吵死人)
3,火葬場的大鼎－(炒死人)吵死人
3,火車嚎憑久仔－(越響越氣)越想越氣
3,火車行到基隆尾－盡磅
3,火車輾塗豆－破格
3,火車頭出煙－白氣
3,灶君上天庭－(灶話)奏話
3,灶君公上天－奏好歹話
2,灶孔炰田蛤－燒蛤(相合)
2,灶空炰田蛤－燒蛤(相佮)
2,灶空炰田蛤－燒蛤(相欱)
3,灶空炰鱔魚－燒鰻(相瞞)
3,灶骹的桌布－揩油
1,炒熟的蝦仔－(紅仁)紅人
3,炮仔浸水－一聲不響
3,烏人繪烏人－無影無跡
3,烏人食火炭－烏食烏
1,烏仔魚箭水－呣認輸
1,烏仔魚箭水－毋認輸
3,烏卒仔過河－撈過界
3,烏牛大影－好看無好食
2,烏矸仔貯豆油－無底看
2,烏矸仔貯豆油－看攏無
2,烏矸仔貯豆油－看朆出來
2,烏矸仔貯醬油－看袂出來
2,烏矸仔，貯豆油－無地看、看𣍐出
3,烏糖攪泔－米糕稠
3,烏糖浸水－溶了了
2,烏雞母生白雞蛋－無稀奇
2,烏雞生白雞蛋－事實如此
1,烏魚箭水－呣認輸
3,烏鶖騎水牛－無四配
3,烏鶖騎水牛－無庶配
2,烏龜相扑－看誰硬
3,烏龜碰著壁－罔掠
2,烘田蛤仔－(燒蛤)相害
3,烘鱔魚－(燒鰻)相瞞
3,無刀刣王梨－咬目
3,無刀削鳳梨－(咬目)礙目
3,無囥發粉－無發(無法)
3,無奶假病子－裝暢
3,無崁牛喙檻－亂食
3,無桊鼻的牛－(亂竄)亂闖
3,無牙仔唸祭文－含糊其詞
2,無牙仔食甘蔗－加減舔
1,無牙仔食豆腐－拄拄好
2,無牙的食甘蔗－加減吮
2,無牙的食甘蔗－加減賺
2,無牙的食甘蔗－加減饌
2,無牙食甘蔗－加減舐
3,無牛駛馬－不得已
3,無牛駛馬－暫度
3,無貫牛鼻－亂闖
1,無齒食豆腐－拄仔好
3,煌仙仔拔喙齒－七拔八拔
3,煌先兮挽喙齒－七掣八掣
3,煙囪栱破孔－(歹栱)歹講
3,煙筒崁蓋－袂衝
3,煙筒破空－歹管(歹講)
2,煙筒管吊八粒李仔－八李熏(八里坌)
2,煙筒管吊八粒李仔－八李薰(八里坌)
1,熅罐破孔－漏熱(鬧熱)
3,熱天穿皮裘－呣是時陣
3,熱天穿皮裘－毋是時陣
3,燈火尾在倒光－迴光反照
3,燈火尾𥍉倒光－迴光反照
1,燒鼎炒蝦仔－連蹦帶跳
3,牛牽到北京嘛是牛－朆變
3,牛肉灌水－沓滴
3,牛蜱－有入無出
3,牛角內兮蟲－硬鑽
3,牛角內的蟲－硬鑽
1,牛觸親姆－對對
3,牛踏破塗豆－破格
3,牛面前讀經－無採喙
3,牛面前讀經－無採喙口水
1,牛頭牛角－穩篤篤(一定會)
3,牛鼻拄著賊手－去矣
3,牽草寮土地－守鬼(酒鬼)
1,牽被蓋骹－拄仔好
3,牽豬哥兮－趁暢
3,牽豬哥扑呣見錢－無採洨
3,牽豬哥－趁暢
2,牽辯護仔－賴仔榮(偌仔閒)
2,牽辯護仔－賴仔榮、偌仔閑
3,犀牛照角－見面就觸
3,犀牛照角－見面著觸
3,犯人押到教場埔－無頭路
3,犯人押到甲場埔－無頭路
2,犯人開晏會－牢樂(勞碌)
2,犯人開暗會－牢樂(勞碌)
3,狗吠火車－無採工
3,狗吠火車－無路用
3,狗吠雷－無採工
3,狗吠飛鳥－無採工
3,狗咬烏龜－𢱆無頭
3,狗咬老鼠－管閒仔事
3,狗咬鳥鼠－管閒事
3,狗母放尿－軟跤
3,狗舐淺盤－鼻有食無
3,狗舐煎盤－鼻有食無
2,狗蟻上樹－隨人爬
2,狗蟻爬樹－隨人𬦰
3,狗蟻跋落鼎－炒死(吵死)
3,狗頭抹屎－鼻有食無
3,狗頭滴著麻油滓－食朆著
3,狗頭滴著麻油滓－鼻有食無
3,狗食秫米－無變
3,狗食糯米－朆變
3,狗食麥片－袂消化
3,狗食麥片－食朆消
2,猛日曝菜脯－快乾(快官)
2,猛日曝菜脯－快乾、快官
3,猴叫豬哥－師弟(輸儕)
3,猴猻仔提果子－袂留得
3,猴穿衫－仝款歹看
3,猴穿衫－成人
2,猴繞桶－尾步
2,猴蜇桶－上尾步
2,猴踅桶－上尾步
3,猴齊天做投手－(豬哥承)豬哥神
3,猴𬦰上旗竿頂－盡磅
1,獨眼龍看戲－一目了然
1,獨臂將軍－有一手
3,王公數簿－大冊
2,王字減一畫－出土
3,王見王－(死棋)死期
3,王見王－死棋(死期)
1,玻璃矸仔貯豆油－看現現
3,瓜笠仔扑呣見去－(帽失)冒失
3,甕仔底煤龜－龜跤趖出來
3,甘蔗歸枝咬－無斬節
3,甘蔗歸枝囓－無鏨節(無暫節)
3,甘蔗無剝葉－無目
3,生理人擔大肥－(賣屎)朆使
3,生理人擔大肥－賣屎(袂使)
2,生薑搵白醋－薟佫酸
3,產婆摸尻川－外行
3,用林投葉拭尻川－去倒裂
3,用火炭做枕頭－(烏頸)烏龜
3,用火炭做枕頭－鳥胿(烏龜)
3,用矸仔承雨水－(矸承)奸臣
3,用酒研仔承雨水－矸承(奸臣)
3,用酒訐仔承雨水－(訐承)奸臣
3,用麵線網鴨母－一去無回
1,田中央起廟－(種宮)正經
1,田中起廟－種宮(正經)
1,田中間建廟－種宮(正經)
3,田嬰經著蜘蛛網－真不幸
3,田寮仔的土地公－(守仙)酒仙
3,田蛉稽著蜘蛛網－真不幸
3,田蛤仔攬芋莖－蕩拐
2,田螺含水過冬－候時機
2,田螺含水過冬－待時機
2,田螺唅水度過冬－候時機
2,田螺趖過－有痕
2,甲乙仔割韭菜－底仔夭有
1,畢業紀念相－百面
1,畢業證書－出師表
3,番仔上天－裝痟兮
1,番仔哭老爸－密拄密
3,番仔牛－(無桊鼻)無管制
3,番仔銅鼎仔－無臍(無才)
3,番仔銅鼎－(無臍)無才
1,番薯煠米糜－好添(好天)
3,番麥爛一爿－(半穗)半遂
1,畫眉點脂－面色好看
3,當衫仔褲買燒酒－顧喙無顧身
2,瘂口仔扑官司－用手比卡緊
3,瘂口仔食苦瓜－(有苦難言)有口難言
2,瘂口的談情說愛－比來比去
2,瘂口的談戀愛－比來比去
1,瘂口的𤆬娒－暢𠇺𣍐出聲
1,瘂口相唚－好吃無話講
2,瘂口相扑－是非難分
2,瘂口談情說愛－比來比去
1,瘂口讀冊－無問題
1,瘂口電影－有影無講
3,瘟痀仔泅水－(彎泅)冤仇
3,瘟痀他茨－(彎家)冤家
1,瘟痀娶大肚－合合
3,瘟痀扑拳頭－出力佫歹看
3,瘟痀放屁－(彎曲)冤屈
3,瘟痀放屁－(彎曲)冤曲
3,瘟痀朝天子－真歹看
2,瘟痀相偃－歹勢
3,瘟痀睏椅條－朆直
3,瘟痀翻畚斗－食力佫歹看
3,瘟痀跋落海－(彎泅)冤仇
3,瘟痀馬－(駱駝)樂逃
2,瘟痀駛落崎－(栽栽)知知
2,瘟痀騎駱駝－看朆出來
3,瘟痀－朆直
2,癩𰣻柏松－出名
2,癩𰣻柏松－出樠(出名)
3,癩𰣻食鶺雞－存範死
3,發條冗去－欠人捘
3,白布加落去染缸內－洗朆清氣
2,白布沾著黕仔膠－(歹洗)歹勢
2,白布淋著打馬膠－歹洗(歹勢)
2,白布淋著黕仔膠－歹洗(歹勢)
3,白布落落去染缸內－洗袂清
3,白矸仔貯墨水－烏到心
1,白矸仔貯清水－看透過
1,白矸仔貯豆油－看出出
2,白紙寫烏字－烏白分明
3,白薑搵醋－酸佫薟
3,白薑搵醋－酸閣薟
3,白賊七仔講古－騙戇人
1,百發百中－無呣著
1,百發百中－無毋著
2,百百款－萬金
3,皇帝兮尿壺－國鱉(各鱉)
3,皇帝尿壺－(國鼈)固執
2,皇帝的娒－(娘娘)涼涼
3,目睭皮無漿泔－有眼不識泰山
3,相豬－亥矣(害矣)
2,省主席－(省煮熟)沙西米
3,看三國演義流目屎－替古人擔憂
3,看人食包仔－喝燒
1,看俺公食雞胘－脆脆
3,看戲流目屎－替人擔憂
3,眠夢食黃蓮－想食苦
3,眠床跤放風吹－袂縱
3,眠床骹放風吹－朆衝
3,眠床骹歕鼓吹－低聲下氣
1,瞎眼的採八仔－穩當
3,矮人看戲－綴人扑搏仔
3,矮人𬦰厝頂－欠梯(欠推)
3,矮人𬦰壁－千梯(欠推)
1,矮人𬦰山－步步高升
3,矮仔人潦水－(拄卵)賭爛
1,矮仔人爬樓梯－步步高升
3,矮仔人爬茨頂－(欠梯)欠推
2,矮仔人看戲－聽聲
3,矮仔人看戲－跟人扑拍仔
3,矮仔人看戲－跟人曄
3,矮仔人騎馬－上下兩難
1,矮仔冬瓜𬦰樓梯－步步高升
1,矮仔𬦰樓梯－步步高升
3,石加路出來兮－戇番
3,石加路出來的－戇番
3,石壁槓鋼釘－硬拄硬
3,石壁釘鋼釘－硬拄硬
3,石敢當峙街－鎮路
3,石火唱歌－煩惱佫再煩腦
3,石火唱歌－煩惱朆了
3,石門水庫淹大水－擋朆稠
3,石門水庫淹大水－擋袂椆
3,砒霜食入腹－內割(利割)
3,破卡仔跋牌仔－食一隻象
3,破喇叭－朆歕咧
3,破棉績被－歹甲
3,破棉績－假氈(假精)
3,破烏魚子－無採公(無採工)
3,破甕內大龜－龜跤趖出來
3,破船拖入港－(漏不修)老不修
3,破船鎮港－漏不修(老不修)
3,破雨傘－興展
3,硞仔頭－無面子
3,硬脾－朆消化
3,碗公煎茶－擋朆稠
3,碗公煎茶－會裂開
2,神州城－假京(假驚)
2,神州城－假驚
2,神明跋落溝底－(流神)留神
2,福州城－(假京)假驚
2,福州城－假京(假驚)
3,禮義廉－無恥
1,禿仔駛噴射機－突飛猛進
2,禿頭出家做和尚－免費氣
3,秀才兮包袱仔－包書(包輸)
3,秀才手巾仔－(包書)包輸
3,秀才看遺書－讀死冊
3,秀才看遺言書－讀死册
1,秀才見官－(不跪)不貴
3,程鐵牛之死－哭父
3,種匏仔生菜瓜－有夠衰
3,稿紙寫到邊－無夠格
3,穩痀兮朝天子－歹看
3,穩痀兮死對年－袂直
2,穩痀兮穿長衫－崁跤
3,穩痀兮落崎－栽栽落(知知咧)
3,穩痀兮落樓梯－栽栽落(知知咧)
2,穩痀兮騎馬－看袂出來
1,穩痀兮鬥著大腹肚－峇峇
2,穩痀兮𬦰山－看袂出來
1,穩痀的娶大肚－都都好
3,空喙哺舌－食言
3,空心菜頭－會看朆食咧
3,空手撈魚－(無劉)無望
3,空手滹魚－無網(無望)
3,空腹肚唱歌－哭枵
3,穿䘥仔扭甲無䘼－本來著無
3,穿乃龍兮－看現現
3,穿尼龍的－看現現
3,穿背心拉到無袖－本來就無
2,立地成佛－放捨
2,立地成佛－放殺(放捨)
2,立地成佛－放殺(放棄)
2,立地成佛－放殺(放𢳪)
3,童叟無欺－騙中人
1,竹栱底夾土豆仁－一粒一
1,竹管仔底夾塗豆－一粒一
3,竹篙尾纏麵線－紇紇纏
1,竹篙尾貯水－水準提高
3,竹籃仔撈水－一場空
2,第一銀行－錢仔頭
3,筒箍散開－散斗
3,算盤子－無大無細
3,算盤扑呣著－誤算
3,算盤扑過徑－誤算
3,算盤籽－無大無細
1,籠床內摕粿－穩著的
3,籠床崁蓋－袂衝
1,籠床提粿－穩著兮
1,籠床提粿－穩著的
3,籠床蓋崁無隔峇－落氣
3,籠床蓋蓋無合－漏喟
3,籠床貓－顧粿
3,籤擔擔布袋－雙頭吐(雙頭土)
3,米甕仔當鐃－無米可煮
3,米甕弄鐃－空空
3,米甕摃銅鐘－空空
3,米篩目包餡－朆做咧
3,米篩苜包餡－袂做得
3,米篩－百百空
3,米粉筒－(百百孔)代誌真多
3,米粉筒－百百空
3,米缸仔摃銅鐘－空空空
2,紅毛塗攪水－(搞硬)搞定
2,紅毛塗攪水－摑碇(決定)
2,紅毛塗攪砂－(結硬)決定
3,紅龜包鹹菜－無好貨
1,紅龜抹油－媠面
1,紅龜抹油－嫷面
1,紅龜抹油－水面
3,紅龜粿包鹹菜－無好貨
1,紅龜粿抹油－媠面
3,細姨仔囝－毋值錢
2,細姨講話－小說
2,細碗食飯－(靠添)靠天
1,線穿針－拄仔好
2,縣老爺審老爹－公事公辦
3,縣老爺落轎－(步行)不行
2,總烳師返去－(呣加你炒)呣加你吵
1,缺喙仔賣蜊仔肉－峇仔峇
3,缺喙兮哺蛟蚤－無死嘛驚一下
3,缺喙兮講話－落氣
1,缺喙兮賣蜊仔肉－峇仔峇
2,缺喙兮賣鹹菜－險害
3,缺喙兮食米粉－看現現
3,缺喙兮食麵－看現現
3,缺喙兮－歹唚(歹心)
2,缺喙叫妹婿－密煞
2,缺喙的賣鹹菜－險害
2,缺喙興留喙鬚－(假勢)架勢
1,缺喙賣蜊肉－合合
1,缺喙食薰－(有噗)有譜
1,缺喙食蜊仔肉－峇峇
3,缺喙食鹹菜－(好鹹)好險
3,缺喙－(歹唚)歹心
3,缺嘴兮興鬍鬚－假爻
1,缺嘴歕鼓吹－合合
1,缺齒吃蛤肉－密密
1,缺齒食蝲仔肉－密密
3,羅漢請觀音－一客九主人
3,羅漢骹仔請觀音－一客九主人
3,羅漢骹仔－四界踻
2,美國人－阿嬤咧睏
3,美國柑仔－烏亂炙
3,美國西裝－(大軀)大輸
3,美國西裝－大軀(大輸)
3,美容師－予汝好看
3,美容師－給你好看
1,美容院－成人之美
2,翁死佫招翁－後人(後壟)
2,翁死閣招婿－後壟(後龍)
2,翁死閣招翁－後人(後壟)
2,翕相館著火－燒像(相相)
2,老人叫囝仔叔公－論輩(崙背)
2,老人叫囝仔叔公－論輩無論歲
2,老人叫囡仔叔公－論輩(崙背)
3,老人娶娒－罔暫渡
3,老人留喙鬚－老不修
3,老人留鬍鬚－老不修
3,老人食紅蟳－(栱無效)講無效
3,老人食蟳－管無效(講無效)
1,老人食補－老熱
1,老人食麻油雞－老鬧(熱鬧)
1,老人食麻油－老熱(鬧熱)
3,老人飲酒醉－老番顛
2,老伙仔咳嗽－霧峰
3,老伙仔穿針－𢱆孔𢱆縫
3,老和尚唸經－老套
3,老和尚念經－老套
3,老和尚扑囡仔－無即款戴誌
3,老壽星唱曲－老調
1,老壽星扑算盤－老謀深算
2,老妓女－(耐膣)荔枝
3,老姑婆嫁尫－(嫁了)加勞
3,老山胞食酒醉－老番顛
2,老幼皆好人－(大細善)大細疝
2,老歲仔咳嗽－霧風(霧峯)
3,老歲仔穿針－揣空揣縫
1,老爹過渡－該載(佳哉)
1,老爺過渡－(該載)佳哉
3,老牛拖破車－行一步算一步
3,老牛拖車－(載貨)災禍
3,老牛拖車－行一步算一步
1,老牛換老馬－雙人暢
3,老猴爬竹篙尾－無步
3,老猴穿花衫－無四配
3,老猴穿花衫－無庶配
3,老猴𬦰上竹篙尾－無步
1,老甘蔗頭－(老根節)老斟酌
1,老甘蔗頭－老筋節
1,老道士放屁－句句真言
3,老阿伯爬山－邊仔喘喘
2,老阿婆哈肺－(一望無牙)一望無涯
3,老阿婆生子－真拚
3,老阿婆穿針－離真遠咧
1,老鼠仔入牛角－穩篤篤
3,老鼠仔泅過溪－人人喊扑
1,老鼠仔食油－目睭金
1,老鼠入牛角－穩篤篤(一定會)
3,老鼠哭貓－假有心
3,老鼠嫁查某囡－嗤嗤呲呲
3,老鼠揣無路－硞硞闖
2,老鼠沒洗澡－有鼠味(有趣味)
2,老鼠無洗身軀－鼠味(趣味)
3,耳孔塞桌布－假無聽著
3,耳空塞破布－假聽無
3,聞太師行到絕龍嶺－進無步，退無路
3,聞羅王的查某子－查某鬼仔
3,肉包掔狗－加了兮
2,肚臍孔抹粉－中妝(中庄)
3,肚臍孔放屁－(怪氣)怪事
3,肚臍抹粉－(醜臍)醜才
3,肚臍抹粉－䆀臍(䆀才)
2,肚臍抹粉－中妝(中庄)
3,肚臍空放屁－怪氣
3,肚臍講話－(腰言)謠言
3,背棺柴問路－𢱆死路
3,胡椒罐－糝管(糝講)
3,胡萬立騎烏托醜－食到今旦日
3,胡螓跋落滷缸－(活活滷死)活活累死
3,胡蠅塞虎喙－騙喙騙喙
3,胡蠅帶龍眼殼－崁頭崁面
3,胡蠅沾棕簑－食毛(食無)
3,胡蠅跋落屎礐－食便
3,脫褲圍大海－笑貪
3,腦衝血－頭殼歹去
2,腳底抹油－溜
1,腹肚內蝒蟲－逐項懂
1,腹肚內駛船－(內航)內行
3,膨風仙－海口
1,自動車碾死牛－沒事
2,自動車袂發－愛人絞
2,自動車𣍐發－愛人撽(愛人譑)
3,臭耳聾賊－無聽見狗塊吠
3,臭耳聾醫生－無聽人塊呻
3,臭耳聾醫生－無聽病人咧呻
1,臭頭仔囝－家己褒
1,臭頭仔囝－家治褒
3,臭頭包布－(防螓)風神
3,臭頭包布－防蠅(風神)
1,臺南擔仔麵－食好𫔡相報
2,臺南迎媽祖－啥旗嘛有(啥奇也有)
2,舉刀切肉－撩落去
3,舉刀探病牛－無好意
3,舉稱仔稱人－看輕
1,舉竹篙入城－直來直去
2,舉量仔量棺材－大鉤棺(大交關)
1,舉鋤頭扒心肝－清心
2,舊社囡仔食點心－公食公開
1,舊社背鼓的－無伊朆使
2,船仔虻罩－無門(無毛)
2,船仔蠓罩－無門(無毛)
1,芋仔炒米粉－正味
2,苦瓜攪白糖－苦佫甜
2,苦瓜攪白糖－苦閣甜
3,苦瓜燉鰱魚－苦鰱(可憐)
3,茄仔開黃花－變相
2,茨尾頂披衫－三塊茨
2,茨尾頂發白菜－強發
2,茨尾頂，發白菜－強發
3,茨間內踢骰球－四界碰壁
2,茨頂尾發白菜－強發
3,茫霧看花－愈看愈花
3,茭苴落去－管也無路用(講也無路用)
2,茴窯籬笆－朆摸咧
2,茶盬內撈豬肉－(撈無)姑婆
3,茶罐破孔－(漏茶)漏題
3,茶鈷破空－漏茶(漏題)
3,草人幔棕蓑－假鬼假怪
3,草人扑火－自身難保
3,草人披椶蓑－假鬼假怪
1,草厝掛煙筒－稀罕
3,草厝掛玻璃窗－無庶配
3,草厝鬥鐵窗－無庶配
1,草地母舅坐大位－人俗禮不俗
1,草地母舅坐大位－人俗里不俗
1,草地母舅坐大位－人戇禮不戇
3,草地聖旨－無影跡
1,草地親家坐大位－人倯禮朆戆
3,草地銅鑼－一冬一冬慘
3,草席捲籤擔－雙頭吐(雙頭土)
3,草帽爛了邊－(無沿)無綠
3,草索仔縛豆腐－去了了
3,草花籠－(干焦𧪇蓋)艱苦𧪇卦
1,草茨掛煙囪－稀罕
1,草茨掛熏筒－稀罕
3,草茨裝鐵窗－無四配
1,荷蘭汽水－食一點氣
1,荷蘭西水－食一點氣
3,荷蘭豆性－(緊熟)緊性
3,荷蘭豆性－快熟
3,菜瓜摃狗－去一截
3,菜瓜摃狗－缺一橛(去一橛)
3,菜籃仔擔水予哥啉－無心假有心
2,菜籃仔貯沙－沙漏(沙轆)
2,菜籃仔貯沙－沙漏(沙鹿)
3,菜籃仔貯鱉－龜跤趖出來
3,菜籃仔貯龜－龜骹趖出來
3,菜脯媼豆油－加了的
3,菜脯搵豆油－加了兮
3,菜頭擔去蕃薯市－錯了
3,菜頭開花－花心
2,菠薐仔，炒豆腐－青青白白(清清白白)
3,菩薩放屁－神氣
3,菩薩著賊偷－失神
2,萬一仔食枝仔冰－一牛車
2,萬財背死囡仔－後擺補你
1,落花滿地－(都謝)多謝
1,落陳埭－擔蟶
3,落雨天出太陽－(假晴)假情
1,葫蘆墩白米－(無糙)無錯
1,葫蘆墩白米－無糙(無錯)
1,葫蘆墩的白米－無糙(無錯)
3,葵扇頭扑人朆痛－起工呣是按呢
1,蒜頭籠－(盛蒜)勝選
3,蓬心菜頭－會看得，袂食得
3,蔡姑娘嫁翁－嫁羅兮(加魯兮)
3,蔭豉炒蕹菜－(落孔)落空
3,蕃仔喙鬚－無半撇
3,蕃薯屎－緊性
1,蕃薯撒米糜－好添(好天)
3,蕗簥蔥－不成蒜(不成算)
3,蕗蕎蔥－(不成蒜)不成算
2,蕭公豆油錢－(用劃)用話
2,蕭壟金瓜－大肚桶
2,蕭壟金瓜－大腹肚桶
2,蕭鄉長批公文－事實者可
3,薄冊仔打桶－假功夫
3,薄情郎－哥雄(高雄)
2,藥仔百百款－萬丹
3,藥店甘草－逐項都喢著
3,藥店甘草－雜偛
2,蘇州目鏡－在人合目
3,虱目魚落鼎－唉唉叫
3,虻仔叮牛角－無採工
3,虻仔叮牛角－無震動著
3,虻仔叮膦脬－捼捼(暖暖)
3,虻仔叮膦脬－歹扑
2,蚵仔炒蔭豉－食死嘛甘願
3,蜂岫癰－百百頭
3,蜂穴－百百孔
3,蜈蚣行入狗蟻岫－該死
3,蜈蚣趖入去螞蟻穴－該死
3,蝦仔行路－倒彈
2,螞蟻上樹，隨人爬－各做各的
3,螞蟻搬茨－呣是風就是雨
2,螞蟻爬樹－隨人拚
3,螞蟻跋落鼎－(炒死)吵死
3,螿蠩展氣功－膨風
3,蟑蜍展氣功－膨風
3,蟲入螞蟻穴－穩無命
3,蠓仔叮卵脬－歹扑
3,蠓仔叮牛角－無採工
3,蠓仔叮菩薩－(看做人頭)看錯人頭
2,蠓仔叮雞蛋－無孔不入
2,蠓仔釘𡳞脬－歹拍、捼捼、暖暖
2,行暗路假嗽－壯膽
2,行暗路咳嗽－助膽
2,行暗路歁嗽－壯膽
2,行暗路陷嗽－壯膽
2,街仔路的青紅燈－逐家看
3,袁世凱做皇帝－短命
3,袋仔布做大衣－欲哪有夠
1,裁縫做衫無用尺－自有分寸
2,裁縫做衫－(要量身)要良心
1,裁縫師做衫無用尺－自有分寸
1,裁縫師掛目鏡－(認針)認真
1,裁縫掛手指－(頂針)頂真
3,裁縫無帶尺－(存心不量)存心不量
3,褪腹裼接人客－失禮
2,褲底抹粉－內妝(內庄)
3,褲底袋針－揬膦
3,褲袋仔袋沙－英膦(閒膦)
3,褲袋仔袋火灰－英膦(閒膦)
3,褲頭插鎌勒仔－鉤死囝仔(猴死囝仔)
3,褲頭插香－卵神
3,褲頭結香火－膦神
2,西北雨－大落
3,西瓜藤搭菜瓜棚－出鋒頭
3,西瓜藤搭菜瓜棚－出風頭
3,西螺大橋－無路用
3,西螺畚箕－捾一支喙
3,西裝店歇睏－不服
3,西裝社歇睏－(無服)不服
3,見著網，目箍紅－看破
1,見面流鼻血－親就是親
1,見面流鼻血－親著是親
2,親家大腸挾去配－(屎栱)使講
3,觀音媽偷食魚仔膎－冤枉人
3,觀音媽食鹹膎－冤枉人
1,觀音菩薩下凡－救苦救難
3,謝將軍消遣范將軍－七的笑八的
1,警察叫保正－好勢
2,豆腐乳煮菜－哪敢多言(鹽)
1,豆腐乾煮肉－有葷素(有分數)
3,豆腐摃石頭－無路用
3,豆腐甲石頭－袂磕得
3,豬八戒嫁小妹－免看
3,豬八戒拜天公－家己刣家己
3,豬八戒拜天公－家治刣家治
3,豬八戒翕像－(自找難看)自找難堪
3,豬哥屎喙－歹聽
3,豬哥掛鞍－(呣是馬)呣是買
3,豬母掛鞍－毋是馬
3,豬母掛鞍－毋是馬(毋是買)
3,豬母撁去牛墟－呣著
3,豬母趕到呂厝－袂赴
3,豬頭皮－炙毋油
3,豬頭皮－炸無油
1,貓仔俥倒糜－(狗暢)夠爽
3,貓仔爬樹－(無成猴)無成樣
3,貓仔袋入布袋內－袂出頭
3,貓仔跋落布袋內－朆出頭
3,貓仔食鹽－存辦死
3,貓仔食麵龜－偽善
3,貓哭老鼠－假有心
3,貓哭鳥鼠－假有心
3,貓面兮照鏡－歹面相看
3,貓面兮開會－歹面相看
3,貓面照鏡－攏是缺點
3,貓食鹽－存範死
3,貓食麵炙－假善心
3,貓鼠同眠－無可能
3,貓𬦰樹－毋成猴
2,財神爺捾燈仔火－扻錢
2,買布縛置竹篙尾－啥奇嗎有
3,買鹹水魚放生－呣知死活
3,買鹹魚放生－假好心
3,買鹹魚放生－毋知死活
3,買－四骹咧馬
3,賊仔扑官司－穩輸
3,賣碗盤兮撦倒擔－缺了了(去了了)
3,賣豆菜無舉秤－亂捎
3,賣雞卵兮拋車輪－全破
2,賣魚無舉秤－揀尾(梘尾)
2,賣魚的無攑秤－揀尾(景美)
3,賣鴨卵兮撦倒擔－看破
3,賴卯請人客－該來無來
2,赤查娒俱樂部－獅子會
3,赤狗鏨尾－假鹿(假樂)
3,起厝按半料－誤算
3,起茨按半料－誤算
3,起茨掠漏－掠孔掠縫
3,趕鴨仔上架－強人所難
3,跋落屎礐仔－臭人
1,跛腳的行桌頂－搖桌
3,跛腳臆墓粿－雙頭無一齩
3,跛跤兮揖墓粿－雙頭無一位靠
3,跛骹臆墓鎳－雙面無一數
3,跤帛掛竹篙－臭颺
2,跤帛掛竹篙－麼旗嘛有(麼奇嘛有)
2,跤底抹油－辿
2,跤底抹粉－妝跤(庄跤、鄉下)
3,跤頭腕戴帽－無一個人面
3,路燈－(一葩火)一腹火
3,路燈－一脬火(一腹火)
2,路燈－照公道
3,路邊兮尿桶－眾人漩(眾人訕)
3,路邊兮木瓜－欠人捅
3,路邊兮石頭－愛人撬(愛人譙)
1,路邊兮鳥苃仔－穩當
3,路邊的尿桶－眾人漩
1,路邊莧菜－(閒莧)榮幸
1,路邊鳥菝－允當(穩當)
1,路邊鳥菝－穩當
2,跳加冠－歹開講
1,踔仔麵－䟉䟉趒
3,踦飛魚放屁－臭氣沖天
1,蹛巷仔內的－內巷的
1,蹛巷仔內的－內行的
2,蹺痀的相偃－歹勢
3,身體戚風邪－去問大眾爺
3,躼人自殺－長跤行短路
3,軟土－深掘
3,載塗炭沿路漏－(炭屎)漏屎
3,載塗炭沿路落－炭屎
3,連續落三個月雨－(無晴)無情
1,連頭摳－無剉(無錯)
2,運動裁判－擔輸贏
2,過年無返去茨－無娒
3,過桌拈柑－僭權
2,過橋合雨傘－防風
3,過虎頭斬－包穩死兮
2,道士唸經－照本宣科
1,道士放屁－句句真言
1,道士有沖天之志－司功仔想飛(司功仔象杯)
1,道士有沖天之志－師公仔象杯
3,違章建築－亂蓋
3,違章建築－無照起工
3,郭仔魚假鯮－無夠紅
3,郵差扑呣見批－失信
2,酒精點火－(當燃)當然
3,金仔山查某－礦區女(控固力)
3,金剛踏小鬼－無範
3,金山查娒－(礦區女)控固力
2,金斗甕入水－激骨
3,金碗貯糜－扑損
2,金雞拖木屐－罔賺罔食
3,銀行的會計－(待幣)待斃
3,銃子扑著肚臍空－註死兮
1,銅銀買紙靴－雙人暢
1,銅銀買紙靴－雙頭暢
3,錫口鋤頭－喙利
3,鍾馗嫁小妹－(鬼婚)鬼混
1,鎮守古廟－老神在在
2,鏡破去－兩分明
2,鏡破－兩分明
3,鐵管生鉎－歹管(歹講)
3,長工愛落雨－歡喜歇睏
1,長頸鹿關在羊群－非常突出
2,門牌換作第一號－換頭家
2,門牌改一號－換頭家
2,門牌第一號－頭家
2,門牌頭一號－頭家
2,閃開借過－(朆擋路)麥當勞
3,開冷氣－下流
3,開電風－風流
3,開飯店驚人大食－豈有此理
3,間羅王娘娘病囝－心懷鬼胎
1,閹夫－斷根
1,閹核－斷根
2,閹雞啄碎米－罔渡
3,閹雞拖木屐－隨趁隨食
3,閹雞趁鳳飛－跟人朆著
3,閻羅王出告示－鬼話連篇
3,閻羅王出火籤－應該死
3,閻羅王出火籤－該死
3,閻羅王娶新婦－姦鬼(奸鬼)
3,閻羅王娶某－(姦鬼)奸鬼
3,閻羅王嫁查某－鬼扛鬼(鬼攻鬼)
3,閻羅王心機－鬼(詭)計多端
3,閻羅王投稿－鬼話連篇
3,閻羅王挨弦仔－鬼扯
3,閻羅王無戴帽－鬼頭鬼腦
2,閻羅王無米－枵鬼
3,閻羅王的心機－鬼計多端
3,閻羅王的老爹－老鬼
3,閻羅王講話－鬼知影
3,閻羅王講話－鬼聽有
3,閻羅王變魔術－騙鬼
3,閻羅王開酒店－呣驚死的做汝來
3,閻羅王開酒店－毋驚死兮做汝來
3,閻羅王開飯店－鬼敢食
2,關公啉燒酒－看袂出來
2,關公啉燒酒－看𣍐出來
3,關公放屁－呣知面紅
1,關公看春秋－一目了然
2,關公賣豆腐－由你切
1,關公賣豆腐－簡單
3,關門做皇帝－自尊自大
3,關門做皇帝－自滿自大
3,關門扑狗－無地走
3,關門扑狗－無底走
1,關門賣癩(疒哥)藥－名聲諳
1,關門賣癩𰣻藥－名聲透
3,阿伯仔爬山－邊仔喘
3,阿伯仔𬦰山－邊仔喘
1,阿兄徛樓頂－哥哥在上(高高在上)
1,阿兄扑人－大出手
1,阿兄拍人－大出手
2,阿兄沒頭路－閒哥(鶯歌)
2,阿兄無頭路－閑哥(鶯歌)
2,阿兄無頭路－閒哥(鶯歌)
1,阿兄𫁥樓頂－哥哥在上(高高在上)
1,阿公仔食雞胘－脆脆
1,阿公仔食雞腱－脆脆
2,阿公兮代誌家治做－公事公辦
3,阿公娶娒－加婆
3,阿公娶某－加婆(家婆)
2,阿公挖土－公開
2,阿公挖塗－公開
2,阿公的代誌家己做－公事公辦
2,阿公的載誌家己做－公事公辦
3,阿公食黃蓮－(苦爺)苦也
1,阿哥蹛樓頂－(哥哥在上)高高在上
1,阿啄仔哺樹奶糖－喙水甜
3,阿啄仔穿西裝－(大軀)大輸
2,阿婆仔大腹肚－(公暢)講暢
2,阿婆仔嫁翁－公管(公館)
3,阿婆仔抹粉－無採工
3,阿婆仔炊粿－倒塌
3,阿婆仔生囝－誠拼咧
3,阿婆仔穿戴安芬－袂博假博
3,阿婆仔食蟳－管無效(講無效)
3,阿婆仔𤆬尿－沓沓滴滴
2,阿媽哺菜脯－大舞韌(大武崙)
2,阿媽欲嫁翁－公管(公館)
2,阿媽生孫－公暢(講暢)
2,阿媽生查某囝－生姑(生菇)
2,阿嬤哺菜脯－大舞韌(大武崙)
2,阿嬤生子－公暢(說著高興的)
2,阿嬤生孫－公暢(講暢)
2,阿嬤生查娒囝－生姑(生菇)
2,阿嬤生查某子－生姑(發霉)
2,阿強仔食齒粉－涼涼
3,阿戇娶媠娒－錢的關係
3,阿明賣魚仔－量約
2,阿棋吞借據－哎！就落去矣
2,阿母灶跤動刀－親切
2,阿母灶骹動刀－親切
3,阿爸娶細姨－加母(雞母)
3,阿猴厝頂－青仔欉
1,阿督仔食雞蛋糕－客氣(cake)
1,阿美摸著卵屍－阿彌陀佛
3,阿超發卵毛－據在伊去
3,阿里山坐火車－碰壁
3,阿里山杜定－(青骹)生手
3,阿里山杜碇－青跤(生跤)
3,阿里山火車－碰壁
2,陳世美犯法－包辦
3,陳布衣架查某－儕畫(儕話)
2,陸軍和空軍相戰－(射天射地)謝天謝地
3,隔壁歕燈火－佮汝無治代
2,隔窗㖹喇叭－鳴(名)聲在外
2,隔窗歕喇叭－鳴(名)聲在外
1,隱痀的拄著大腹肚－峇仔峇
1,隱痀的拄著大腹肚－峇拄峇
1,隱龜娶大肚－都都好
2,隱龜拋車麟－吃力兼難看
2,雙跤踏戶碇－無入無出
2,雙骹踏戶定－無入無出
2,雙骹踏戶橂－無入無出
3,雞仔啄鈕仔－無採啄
3,雞仔子的阿嬤－(雞婆)加婆
2,雞仔拄著一堆蟲－總捅(總統)
2,雞仔拄著一條蟲－總捅(總統)
1,雞仔跋落米甕－好食睏
3,雞公的某－(雞母)加舞
3,雞啄鈕仔－無採喙
1,雞屎落塗－三寸煙
2,雞母叫更－充公
3,雞母啼－是禍毋是福
2,雞母屎－半烏白
2,雞母拄著一墩塗蚓－總統
3,雞母拮食－觸喙觸舌
3,雞母撿食－答喙答舌
3,離天七里外路－(離譜)無譜
3,雷公仔子－夭壽
1,雷公相扑－鬧翻天
3,露螺爬去竹篙尾－盡磅
3,靈厝兮塗翁仔－袂堪得弄著
2,青冥的看戲－綴人笑
3,青啼仔生鵝蛋－真拚咧
2,青暝的看戲－有聽著聲，無看著影
2,青暝的行路－罔去(摸去)
2,青暝的讀冊－罔看
1,青盲兮娶某－暗爽
3,青盲兮掛目鏡－無路用
2,青盲兮掠龍－手面賺食
2,青盲兮掠龍－手面趁食
2,青盲兮提冊－汝看
3,青盲兮摸象－只知其一
3,青盲兮放尿－亂濺(亂讚)
3,青盲兮放炮－亂彈
3,青盲兮放粉鳥－毋知去向
3,青盲兮洗身軀－亂沖
3,青盲兮看告示－無採工
3,青盲兮看告示－看無
2,青盲兮看戲－有聽見聲，無看見影
2,青盲兮看戲－綴人孝
2,青盲兮行路－摸去(罔去)
2,青盲兮讀册－摸看(罔看)
3,青盲兮顧柑－顧喝
2,青盲兮食原仔－心內有數
3,青盲兮點燈火－無採
1,青盲娶某－暗爽
3,青盲貓咬雞－毋願放
3,青盲青打算盤－袂見數(袂見笑)
2,青盲食圓仔－心內有數
1,青瞑娶娒－暗爽
3,青瞑挨弦仔－無譜
1,青瞑挽菝仔－穩當
3,青瞑掛目鏡－無路用
2,青瞑掠龍－手面趁食
3,青瞑放炮－黑白彈
3,青瞑放粉鳥－呣知去向
3,青瞑歕鼓吹－(青吹白吹)青催白催
3,青瞑洗身軀－(亂沖)亂衝
2,青瞑無拐仔－(摸去)罔去
2,青瞑爬樓梯－自摸
1,青瞑的挽菝仔－穩當
2,青瞑的掠龍－手面趁食
2,青瞑的摕冊－汝看
2,青瞑的看戲齣－𨓚人笑、說人哮
2,青瞑的看戲－有聽見聲，無看見影
2,青瞑的行路－摸去(罔去)
2,青瞑的讀冊－摸看、罔看
2,青瞑的食圓仔湯－心內有數
1,青瞑的𤆬娒－暗爽
3,青瞑看告示－看無
2,青瞑看戲－跟人笑
3,青瞑看電影－目中無人
2,青瞑行暗路－熟地
2,青瞑讀冊－罔看
3,青瞑貓咬著死雞－死嘛呣放
1,青瞑貓咬著死鳥鼠－福氣啦
2,青瞑顧柑仔－罔曄
2,青瞑食圓仔－心內有數
3,青瞑點燈－無採工
2,青瞑𬦰樓梯－自摸
3,韓信分粿－乞食無份
1,韓信點兵－多多益善
1,順風好駛船－(順勢)好勢
3,順風耳－大耳
2,順風行船－安平
2,頭一擺刻印仔－毋捌磕過
3,頭仔骼－無面仔
2,頭家娘難產－生理子歹生
2,頭廳吊聯－看款
2,頭擺刻印仔－呣捌磕過
2,頭擺刻印仔－毋捌磕過
1,頭殼戴烘爐－腦熱(鬧熱)
3,頭殼戴石磨－毋知輕重
1,頭殼戴電扇－佔上風
3,頭殼頂插葵扇－(出風頭)出鋒頭
3,頭殼頂插葵扇－出風頭
3,頭殼頂生粒仔－額外負擔
3,頭毛糊藥膏－有毛病
3,頷頸生瘤－拄著
3,頸部生瘤－(拄著)遇著
1,風頭松柏－老練
2,飛行機相閃－(趐拄趐)實拄實
3,飛行機頂寫文章－高論
3,飛行機頂彈琴－高調
2,飛行機頂聊天－高談
2,食呣著藥仔－換帖
2,食嘸著藥仔－換帖
2,食曹操的飯，做劉備的代誌－身在曹營心在漢
2,食毋著藥仔－換帖
3,食水龜無剝殼－假老實
3,食滷卵配高梁酒－穩死
3,食滷蛋配高梁酒－穩死
3,食滾水放茶米茶－火大
3,食紅柿配燒酒－存辦死
3,食紅柿配燒酒－毋管死活
3,食芎蕉皮－失戀
3,食蟳－(愛栱)愛講
3,食蟳－興管(興講)
3,食飽做飽鬼－膨肚短命
2,飯匙舀泔－澳底
2,飯匙貯泔－僫貯(澳底)
2,飯坩囥傷峘－僫貯(澳底)
1,飯店兼掠龍－有食佫有掠
3,香港跤發作－皮塊癢
3,香港骹發作－皮癢
2,馬步搏佇竹篙尾－麼旗嘛有(麼奇嘛有)
1,駝背仔上坡－真拼
1,駱駝脖子仙鶴腿－各有所長
1,駱駝頷頸仙鶴腿－各有所長
3,骹帛布掛竹篙－臭颺
2,骹帛掛竹篙－啥旗嗎有(啥奇嗎有)
2,骹底抹油－溜
2,骹底抹油－溜旋
3,骹頭窩戴宣帽－呣是人面
1,高射炮手－見機行事
3,高空跳傘－一落千丈
3,高速公路－無人道
2,鬼仔呣食淡飯－(要鹽)謠言
2,鬼仔摸閻羅王尻川－好膽
2,鬼仔摸閻羅王尻川－誠好膽
3,鬼仔算舊帳－活該
3,鬼仔騙城隍－無赫簡單
2,鬼摸閻羅王尻川－大膽
2,魁星落海－(找筆)未必
2,魁星跳落海－㴹筆(未必)
2,魁星跳落海－無筆(未必)
3,魏廷捒倒七星燈－錯失大事
3,魚行口糞埽－臭甲袂鼻得
1,魩仔魚食著皇帝肉－暢假無鰾
1,魩仔魚食著皇帝肉－暢甲無鰾
1,魩仔魚食著皇帝肉－暢𠇺無鰾
3,鯽仔魚食著油粕仔水－摒肚
3,鯽仔魚食著茶箍水－注死
3,鯽仔魚食著茶箍水－註死
2,鰗魚溜，抹雪文－滑溜溜
2,鰗鰡抹雪文－滑溜溜
3,鱷魚蠓仔香－閣卡儕來嘛無夠看
3,鱸鰻標看新聞－陣勢大
1,鳥鼠仔入牛角－穩牴牴
3,鳥鼠仔嫁查娒囝－吱吱喳喳
1,鳥鼠仔鑽入牛角－穩篤篤
3,鳥鼠入風箱－兩頭受氣
3,鳥鼠泅過溪－人人嘩扑
2,鳥鼠無洗身軀－(有鼠味)有趣味
2,鳥鼠無洗身軀－有鼠味(有趣味)
1,鳥鼠爬竹篙仔－一目通一目
3,鳥鼠穿草鞋－骹卡大身
3,鳥鼠走入冊房內－(食本)蝕本
1,鳥鼠走入煙囪內－夠嗆
3,鳥鼠跋落去冊箱仔－咬文嚼字
1,鳥鼠食油－目睭金
3,鴉片薰屎－歹放
2,鴨仔聽雷－聽無
1,鴨仔落地身就溪－事到便宜
1,鴨仔落水身著浮－免驚
3,鴨仔過溪－(無潦)無聊
3,鴨仔過溪－無潦(無聊)
3,鴨卵塞石車－無採工
3,鴨卵掔過山－看破
3,鴨卵掔過河－看破
3,鴨卵磕石頭－袂磕得
3,鴨卵落佇磚仔廳－看破
3,鴨寮內無隔暝塗蚓－留朆稠
3,鴨母吞田螺－碇胿(定規)
3,鴨母吞石頭－碇胿(定規)
1,鴨母喙－(罔叨)罔撈
2,鴨母放落埤－去無回頭
2,鴨母放落埤－去著呣嗵轉來
2,鴨母放落埤－去著呣知通返來
3,鴨母王來到水尾寮－死路一條
3,鴨母給雞角仔搭著－(呣達)呣值
3,鴨母食水鱟－吞袂落，吐袂出
3,鴨母食石頭仔－(硬頸)定規
3,鴨母食著水龜－進退兩難
3,鴨蛋俥倒擔－看破
3,鴨蛋塞石車－無採工
3,鴨蛋彈過山－看破
3,鴨蛋錣籤－滴滴答答
3,鵁鴒學講話－跟人喙尾
3,鵁鴒講話－綴人話尾
3,鶆鴞挾雞仔－死啊死啊！
3,鹹水潑面－有食無偆
2,鹹菜拌豆腐－有言(鹽)在先
2,鹹菜煮豆腐－(不必多鹽)不必多言
2,鹹菜煮豆腐－不用多言(鹽)
3,鹹魚搵豆油－鹹拄鹹
2,鹽水港－闊朗朗
2,鹽水港－闊莽莽
3,鹽甕生虫－無即款戴誌
3,鹽甕生蟲－奇事
3,鹽館兮稱錘－足鹹
3,鹽館兮頭家－鹹
3,鹽館稱錘－鹹佫硬
3,麥當勞－朆擋路
3,麥芽膏罐頭－(愛人撟)愛人譙
3,麥芽膏罐－愛人撬(愛人譙)
3,麵線網鴨仔－(免網)免望
3,麻布做短褲－看現現
3,麻豆旗杆－青仔欉
3,麻豆旗竿仔－青仔欉
1,黃柏樹頂彈琴－苦中作樂
1,黃梔仔樹頂彈琴－苦中作樂
1,黃檗樹頂彈琴－苦中作樂
2,黃縣長批簽呈－半照准
2,黃金甕入水－激骨
3,黃麻布做內褲－看現現
1,黑松汽水－上衝
1,黑松汽水－食一點氣
2,黑矸仔貯豆油－無底看(看不會出來)
2,黑矸仔貯豆油－看不出來
3,點心彈土角－放炮
3,點心擲掉－放炮
3,鼎內炒蚼蟻－走無路
3,鼎內炒螞蟻－走投無路
3,鼎底的螞蟻－走投無路
3,鼎底蚼蟻－炒死(吵死)
3,鼎蓋蚼蟻－走頭無路
3,齊天大聖做投手－豬哥承(豬哥神)
3,龜爬戶埞－看按怎翻身
3,龜𬦰戶碇－看按怎反
2,𤆬新婦，嫁查娒囝－一入一出
1,𤸫痀的上坡－誠拚
1,𤸫痀的拄著大腹肚－密拄密
2,𤸫痀的騎馬－看𣍐出來
1,𤸫痀的𫔡著大腹肚－密密
2,𤸫痀的𬦰山－看𣍐出來
